{
    "configVersion": 1,
    "index": "/index.html",
    "assetGroups": [
        {
            "name": "files",
            "resources": {
                "files": [
                    "/**/*.html",
                    "/**/*.js",
                    "/assets/**"
                ],
                "urls": [
                    "https://fonts.googleapis.com/css?family=Montserrat|Roboto+Mono",
                    "https://fonts.gstatic.com/s/montserrat/v10/zhcz-_WihjSQC0oHJ9TCYPk_vArhqVIZ0nv9q090hN8.woff2"
                ]
            }
        }
    ],
    "dataGroups": [
        {
            "name": "firebase", 
            "urls": [
                "https://firebasestorage.googleapis.com/v0/b/fluindotio-website-93127.appspot.com/**"
            ],
            "cacheConfig": {
                "maxSize": 100000000,
                "maxAge": "3d",
                "timeout": "1m"
            }
        }
    ]
}